5d5617c4-52d3-413a-9fcb-fb0e0c2818cd,Dark Side of the Moon,1988,Pink Floyd,Universal
a6795b4f-7d0a-46c7-966c-60eab1e39f84,Super Mario bros,2019,Nintendo,Nintendo
f5287d3a-cbd1-44b5-94e9-f34752083fd1,Star Wars,2010,George Lucas,Lucasfilm
7f6dd6a2-e7fd-4676-a3da-62bbbb4da6d2,Dark Side of the Moon,1988,Pink Floyd,Universal
3de1fc73-1461-46ee-96a2-bcb29c0f976f,Super Mario bros,2019,Nintendo,Nintendo
5794410b-da12-4417-82f7-4cd650ee05ee,Star Wars,2010,George Lucas,Lucasfilm
aceb1fa3-4725-4a9f-9a80-b1875fe7b02c,Star Wars,2010,George Lucas,Lucasfilm
8b3d5cfd-4d54-41d6-8c55-79f1af5f75bc,Dark Side of the Moon,1988,Pink Floyd,Universal
c47053f7-2a03-4293-91dd-8c87481615c7,Super Mario bros,2019,Nintendo,Nintendo
7a0cb564-5f39-4a17-8160-35962898b5e4,Star Wars,2010,George Lucas,Lucasfilm
a87653d5-ec14-4ee4-8ab1-a9742d048e54,Star Wars,2010,George Lucas,Lucasfilm
252b5155-d7e8-4187-9d61-84d4c9035931,Dark Side of the Moon,1988,Pink Floyd,Universal
cf17ddb0-14cc-49a4-a9be-799b3672da91,Super Mario bros,2019,Nintendo,Nintendo
39d03ee5-b19b-4716-acd8-81d2f495d39f,Star Wars,2010,George Lucas,Lucasfilm
bccabe7f-c34c-4cba-abcb-fddd88e396af,Star Wars,2010,George Lucas,Lucasfilm
cff45921-eae3-45fc-ac4a-24cf8b74586a,Dark Side of the Moon,1988,Pink Floyd,Universal
0d212dbd-2545-4a9a-864a-3be2915be9ad,Super Mario bros,2019,Nintendo,Nintendo
64c8c382-eb9d-4271-823f-7f53634a3e41,Star Wars,2010,George Lucas,Lucasfilm
8670c95c-c370-4f3d-ae5f-7001282b31c8,Star Wars,2010,George Lucas,Lucasfilm
ffe3531b-d3b1-41d5-a7f0-c134adaa9774,Dark Side of the Moon,1988,Pink Floyd,Universal
33c72da9-815d-4f23-bbda-230b4b037141,Super Mario bros,2019,Nintendo,Nintendo
7ccfe10c-e510-431a-91a6-80840af1f0a7,Star Wars,2010,George Lucas,Lucasfilm
c2468fe2-5c0f-4f86-ab06-810db751dd1d,Star Wars,2010,George Lucas,Lucasfilm
30e6f25a-5427-4649-8158-e01f3012d4bd,Dark Side of the Moon,1988,Pink Floyd,Universal
dd35971f-703f-4e5c-82e2-d98101f391cf,Super Mario bros,2019,Nintendo,Nintendo
d0f343c9-fb6b-4afe-8811-02ac33094e1b,Star Wars,2010,George Lucas,Lucasfilm
1e5ce1cf-fc0d-4a5c-b9fd-be73d26af667,Star Wars,2010,George Lucas,Lucasfilm
6ab31fa5-f3a8-43a1-8b90-e22bd018cff1,Dark Side of the Moon,1988,Pink Floyd,Universal
07389c14-bbf3-4dd0-8b3a-a46cfec3921f,Super Mario bros,2019,Nintendo,Nintendo
3fdcd9a9-98b5-47a7-908f-7821af619b86,Star Wars,2010,George Lucas,Lucasfilm
d4115285-e471-4c3a-8fbf-cc68a0d4991c,Star Wars,2010,George Lucas,Lucasfilm
54874be5-d69e-4778-b0de-23f45f3b2fa8,Dark Side of the Moon,1988,Pink Floyd,Universal
004d1b99-4e44-4f6f-8681-672896d14ec1,Super Mario bros,2019,Nintendo,Nintendo
d7159c31-3d35-42b5-841d-5cb96f7e98bd,Star Wars,2010,George Lucas,Lucasfilm
fb673f1e-eb0d-47eb-862f-3eaed7c562b7,Star Wars,2010,George Lucas,Lucasfilm
d55ab49e-1705-45c4-9d11-1f94443311fe,Dark Side of the Moon,1988,Pink Floyd,Universal
90e1b892-8307-455d-a04b-26cdb7489300,Super Mario bros,2019,Nintendo,Nintendo
bc493fd3-901e-448f-a2d1-34cb79786f2b,Star Wars,2010,George Lucas,Lucasfilm
66ea5d68-576a-4107-830c-73203461906e,Star Wars,2010,George Lucas,Lucasfilm
93128e09-f05a-447b-adc0-7af157f52ffd,Dark Side of the Moon,1988,Pink Floyd,Universal
c35643cc-0e6a-4932-be04-e67bb5a8ffa6,Super Mario bros,2019,Nintendo,Nintendo
2a05db89-1844-411c-a814-d7b6fe059f97,Star Wars,2010,George Lucas,Lucasfilm
b8feee33-0242-48f5-bf69-8502fc8cf38f,Star Wars,2010,George Lucas,Lucasfilm
6bb647dc-5a51-43ca-aa11-f0aa68661dc1,Dark Side of the Moon,1988,Pink Floyd,Universal
03c4080e-21fa-4384-9d89-dd92973e514e,Super Mario bros,2019,Nintendo,Nintendo
c0e6a6d2-8b6a-49a6-a1bf-6b3e4712bb18,Star Wars,2010,George Lucas,Lucasfilm
95c0a566-4985-4fa4-92bc-8d30944b2546,Star Wars,2010,George Lucas,Lucasfilm
5816879b-c9f4-4b63-973c-d26d4a52b9f5,Dark Side of the Moon,1988,Pink Floyd,Universal
24394c22-b899-4156-b808-63fc853b6983,Super Mario bros,2019,Nintendo,Nintendo
69a113eb-c781-4be8-9c09-3908ecf798b6,Star Wars,2010,George Lucas,Lucasfilm
f957ca6d-1967-4826-a1f4-07756f7c35d3,Star Wars,2010,George Lucas,Lucasfilm
dc912b20-c7a6-4c40-9bf7-8f243e1a7592,Dark Side of the Moon,1988,Pink Floyd,Universal
73ec9fe8-b1e4-4376-9638-80a697e99b57,Super Mario bros,2019,Nintendo,Nintendo
c800e489-28ef-4753-92de-64e63bda947e,Star Wars,2010,George Lucas,Lucasfilm
d65932a2-34be-4ea5-b1b7-516d955db604,Star Wars,2010,George Lucas,Lucasfilm
2d75864f-789b-4aa3-9892-a57b0541dd13,Dark Side of the Moon,1988,Pink Floyd,Universal
7138e0b7-3e55-49f7-8806-8e1c769d58b5,Super Mario bros,2019,Nintendo,Nintendo
a87cc9d1-ade0-4bc0-8f91-1dc89d96674b,Star Wars,2010,George Lucas,Lucasfilm
69fea2c3-5188-468c-bff6-79f0ebe4fc5a,Star Wars,2010,George Lucas,Lucasfilm
2e83c1e0-e5f9-478f-93c4-0b0339317d49,Dark Side of the Moon,1988,Pink Floyd,Universal
1631d2b1-227b-4c5d-a968-ab7e566013ab,Super Mario bros,2019,Nintendo,Nintendo
84f736b7-8920-48c1-9d63-e75dc994b194,Star Wars,2010,George Lucas,Lucasfilm
4c1a8670-85ef-447e-a0a6-90d018744444,Star Wars,2010,George Lucas,Lucasfilm
d8d3145b-8e85-40c8-98cd-e198166f7992,Dark Side of the Moon,1988,Pink Floyd,Universal
7287917c-f3c8-42ed-995f-3bfdf81f6fc4,Super Mario bros,2019,Nintendo,Nintendo
4359f0d3-0391-4661-99be-f89eebb81179,Star Wars,2010,George Lucas,Lucasfilm
4970460a-0686-457a-bb28-ec755048c86b,Star Wars,2010,George Lucas,Lucasfilm
a0632b4f-e995-425e-ae0b-c3a108e0b4be,Dark Side of the Moon,1988,Pink Floyd,Universal
90eac071-9695-4970-878e-0abb6de7c70a,Super Mario bros,2019,Nintendo,Nintendo
f4e116bb-5810-4a7e-a3aa-c43d7721f167,Star Wars,2010,George Lucas,Lucasfilm
dd5f277f-1ae2-497b-8fa5-ff8d939ea577,Star Wars,2010,George Lucas,Lucasfilm
9be0f637-af56-477d-9d4a-80e8e02dd2e3,Dark Side of the Moon,1988,Pink Floyd,Universal
ca0b1769-4a39-4bb2-aea1-fd1cd4dbf29b,Super Mario bros,2019,Nintendo,Nintendo
add1fe3e-327f-479b-adfd-dd4334ade701,Star Wars,2010,George Lucas,Lucasfilm
5d920c45-1e65-41d7-ae57-208540da057f,Star Wars,2010,George Lucas,Lucasfilm
3d2a5b4e-eec4-433f-b21f-35d0366305f0,Dark Side of the Moon,1988,Pink Floyd,Universal
55aec36c-ad85-41a7-b73b-76fdabf494f7,Super Mario bros,2019,Nintendo,Nintendo
d76de92a-6a90-48a4-b720-ff4d6a99335b,Star Wars,2010,George Lucas,Lucasfilm
fc5f090b-9228-49bc-a9e5-8c48ab406be1,Star Wars,2010,George Lucas,Lucasfilm
61fa67b0-9393-46a6-ad2c-3ef0a0e3ca54,Dark Side of the Moon,1988,Pink Floyd,Universal
08154349-d25e-4035-84d6-fe0557285ab5,Super Mario bros,2019,Nintendo,Nintendo
12272832-f4c3-4fcd-bd2a-eb6d9fa3ca5a,Star Wars,2010,George Lucas,Lucasfilm
e57dcb10-9a8c-41ba-9763-922a70ff820d,Star Wars,2010,George Lucas,Lucasfilm
2631db4a-79de-485d-bd3c-984569b0d156,Dark Side of the Moon,1988,Pink Floyd,Universal
f510dd3d-9db6-4fe2-b9b8-40bda5d9bb92,Super Mario bros,2019,Nintendo,Nintendo
aebf662d-a5de-48a6-af1b-1b0f538374e4,Star Wars,2010,George Lucas,Lucasfilm
c69b0dd1-4a10-498e-a233-2bc8b3c9867e,Star Wars,2010,George Lucas,Lucasfilm
5c6871eb-23fb-44c3-a15e-dfc386ba56bf,Dark Side of the Moon,1988,Pink Floyd,Universal
d34e07a6-4d42-4526-bda7-d45041f59909,Super Mario bros,2019,Nintendo,Nintendo
eb75b2a0-c0b4-40ad-8184-b68dba0357a5,Star Wars,2010,George Lucas,Lucasfilm
b70a6641-c00f-4034-9785-582caf2e3f40,Star Wars,2010,George Lucas,Lucasfilm
11dd0d9c-d8a5-4e5c-acab-bf4fe838dd9b,Dark Side of the Moon,1988,Pink Floyd,Universal
7b985f5b-9766-4603-9d30-e77c8bc2e4bd,Super Mario bros,2019,Nintendo,Nintendo
3077cad0-09ba-43c6-87b2-f4706fb83895,Star Wars,2010,George Lucas,Lucasfilm
342d753e-1268-4a63-9242-1fa19f38007f,Star Wars,2010,George Lucas,Lucasfilm
69079ff1-228e-48b6-9905-541405a2fff3,Dark Side of the Moon,1988,Pink Floyd,Universal
370b878d-b86f-4940-99ee-f6430730987d,Super Mario bros,2019,Nintendo,Nintendo
c9bd4442-fec5-47ad-835f-40c1439bca83,Star Wars,2010,George Lucas,Lucasfilm
288265d7-ba85-4712-bc26-c38557b57d0f,Star Wars,2010,George Lucas,Lucasfilm
d4ccc42c-4543-405e-b7df-4d18be945765,Dark Side of the Moon,1988,Pink Floyd,Universal
46569d9f-4ba6-4a90-8c00-72cba4b5cf94,Super Mario bros,2019,Nintendo,Nintendo
8d1c3b06-d6cf-406a-a784-f50376c93764,Star Wars,2010,George Lucas,Lucasfilm
56c22860-ff34-49ef-9871-f8d6140cb8b7,Star Wars,2010,George Lucas,Lucasfilm
164e7dab-9908-4e5a-90e6-37e130c54e83,Dark Side of the Moon,1988,Pink Floyd,Universal
80d0e346-5335-483a-b580-8bcb7103d197,Super Mario bros,2019,Nintendo,Nintendo
66448e17-57cf-4085-9399-67810b80f39a,Star Wars,2010,George Lucas,Lucasfilm
a2480a47-77da-44d9-8682-be8ebaf6dd2d,Star Wars,2010,George Lucas,Lucasfilm
947bb9b3-824a-4d63-b7e8-a473ce0ff148,Dark Side of the Moon,1988,Pink Floyd,Universal
bba352a6-270d-48fd-9686-e35bdfab26e8,Super Mario bros,2019,Nintendo,Nintendo
a0d2a1cd-6350-4567-a46c-f5a695212f44,Star Wars,2010,George Lucas,Lucasfilm
eec95ab1-1eb4-4e53-a1f4-2445f40cfd07,Star Wars,2010,George Lucas,Lucasfilm
8c704907-790e-45d8-a8c5-426f9163661d,Dark Side of the Moon,1988,Pink Floyd,Universal
5aac30aa-ca13-4c35-961c-f553e16dc13d,Super Mario bros,2019,Nintendo,Nintendo
04c3cb6e-cfea-4ccf-860b-6ecc494f464c,Star Wars,2010,George Lucas,Lucasfilm
a19f05b3-9c69-4f58-8471-462653578560,Star Wars,2010,George Lucas,Lucasfilm
d439183d-b658-4e5e-9fb4-9e7b66266938,Dark Side of the Moon,1988,Pink Floyd,Universal
24d8845d-8450-4079-80b9-7d84eb19e545,Super Mario bros,2019,Nintendo,Nintendo
6b0d6287-639f-46fc-ae26-050b52c4328d,Star Wars,2010,George Lucas,Lucasfilm
33d114a7-5cac-4c9a-95be-0f4167ef4168,Star Wars,2010,George Lucas,Lucasfilm
b334a0e5-6f3a-48fa-88c0-9a60022072bf,Dark Side of the Moon,1988,Pink Floyd,Universal
826c4c7d-6404-4eb1-a50c-29dda4e2da78,Super Mario bros,2019,Nintendo,Nintendo
af7c27fb-3253-46f3-bf01-56aedc7b625c,Star Wars,2010,George Lucas,Lucasfilm
39952bdc-0849-467b-b5ab-5cf1eb6e4ead,Star Wars,2010,George Lucas,Lucasfilm
77def5d8-53ca-4c2e-b729-dd67c2a22a78,Dark Side of the Moon,1988,Pink Floyd,Universal
0afc1a01-8822-4c79-8524-645deec99ed7,Super Mario bros,2019,Nintendo,Nintendo
a04d5115-d185-4052-b52e-eda5fdfd69e1,Star Wars,2010,George Lucas,Lucasfilm
71a8c266-0a74-4f02-9ac7-f292a0f314f7,Star Wars,2010,George Lucas,Lucasfilm
908e86a5-7b67-4f44-bb8c-c32aef57bcce,Dark Side of the Moon,1988,Pink Floyd,Universal
e351e801-b41e-4ce3-8d2d-4879f2b6c1af,Super Mario bros,2019,Nintendo,Nintendo
900f954c-1452-4e12-a800-5404e47ec530,Star Wars,2010,George Lucas,Lucasfilm
b537fd3c-8e84-4b42-91db-441c68b78637,Star Wars,2010,George Lucas,Lucasfilm
a53abf45-1c38-48b3-ba52-7001cbf62a2f,Dark Side of the Moon,1988,Pink Floyd,Universal
b94f1b62-f1a0-4630-a554-7213ce68534a,Super Mario bros,2019,Nintendo,Nintendo
9036a3e8-120f-4fc5-b8aa-f782f0374fad,Star Wars,2010,George Lucas,Lucasfilm
41b2fe63-038a-4894-ba2b-a18bde8ef9d4,Star Wars,2010,George Lucas,Lucasfilm
db060c93-71e9-4f5a-84b1-51af720ac6d6,Dark Side of the Moon,1988,Pink Floyd,Universal
010e9297-6a98-4bd8-92c1-052db6fad199,Super Mario bros,2019,Nintendo,Nintendo
16b71123-63bc-4ca1-9d09-467ac9722143,Star Wars,2010,George Lucas,Lucasfilm
fa9a6bef-f39e-46c1-9630-b47bf8b4c1d3,Star Wars,2010,George Lucas,Lucasfilm
4f2d3168-40ca-4ae3-afda-686bf689acdf,Dark Side of the Moon,1988,Pink Floyd,Universal
d3dff09a-3267-45c7-8d57-ac1cca541c50,Super Mario bros,2019,Nintendo,Nintendo
aca1cfe1-da37-471a-bb02-d714d1452830,Star Wars,2010,George Lucas,Lucasfilm
a620c8f8-c15e-4e4e-96d3-085f61b0a40b,Star Wars,2010,George Lucas,Lucasfilm
787bd1f2-b4d4-4443-ae97-173de5523af8,Dark Side of the Moon,1988,Pink Floyd,Universal
9baa853c-7788-4519-9a55-312e5d5d3920,Super Mario bros,2019,Nintendo,Nintendo
5abb4f59-ba1d-4ba2-ac2e-f45b9bee3847,Star Wars,2010,George Lucas,Lucasfilm
33f7dc4d-951f-4353-b4a0-ed339f314301,Star Wars,2010,George Lucas,Lucasfilm
097a6a9f-c2c5-410f-bc06-efa6a2f68f9c,Dark Side of the Moon,1988,Pink Floyd,Universal
463a8e5d-ab04-41e2-a03c-d1a52445d90d,Super Mario bros,2019,Nintendo,Nintendo
a7b0bd09-60ba-4bf8-81ef-975db28cdf31,Star Wars,2010,George Lucas,Lucasfilm
87d8423e-2fb3-4bb9-a6bf-4bf5d508d50c,Star Wars,2010,George Lucas,Lucasfilm
afa08d6c-50fa-4e3a-bc83-69989a7abc64,Dark Side of the Moon,1988,Pink Floyd,Universal
0053acd5-7cdd-4d46-b137-4f6e65487864,Super Mario bros,2019,Nintendo,Nintendo
4cea6f62-eb2b-4490-8253-6ea70c2b8ee7,Star Wars,2010,George Lucas,Lucasfilm
c1df18ab-c81c-4418-8698-6129429365cb,Star Wars,2010,George Lucas,Lucasfilm
a91a84a0-9023-4abb-910b-7bbce5bfad14,Dark Side of the Moon,1988,Pink Floyd,Universal
ff2fa428-3ca8-4410-a1f3-ea86a692d4ab,Super Mario bros,2019,Nintendo,Nintendo
011097a0-f40d-4b57-a29f-54e6e31aa25a,Star Wars,2010,George Lucas,Lucasfilm
5bce56ee-9538-4d06-954b-5e135570d85d,Star Wars,2010,George Lucas,Lucasfilm
8270e921-722b-4f66-bbba-ec450940288a,Dark Side of the Moon,1988,Pink Floyd,Universal
bca29297-30ec-404e-8674-cc262c801496,Super Mario bros,2019,Nintendo,Nintendo
7d197d82-3da6-4e62-81ca-10301f2a7bc2,Star Wars,2010,George Lucas,Lucasfilm
cba72034-1846-42b5-a4ab-2cefbc67e753,Star Wars,2010,George Lucas,Lucasfilm
52a668e1-0608-4e96-b038-3f4876b7418a,Dark Side of the Moon,1988,Pink Floyd,Universal
c6ed288d-7e9b-46cf-9453-b74c938cc82f,Super Mario bros,2019,Nintendo,Nintendo
04b45cd5-1dfd-43c0-97fe-8b145a7da17a,Star Wars,2010,George Lucas,Lucasfilm
361e7ea1-e71b-4925-a05f-22f688d3217e,Star Wars,2010,George Lucas,Lucasfilm
af27ec74-0fe6-4f9c-8888-db9b9315f029,Dark Side of the Moon,1988,Pink Floyd,Universal
113ff102-e13e-40f2-ad31-9dae56c60ad7,Super Mario bros,2019,Nintendo,Nintendo
a33ab21f-09b9-4d63-a6dd-e0dc411f8ec4,Star Wars,2010,George Lucas,Lucasfilm
366bee06-65f7-4816-bde6-af1eb6f764b2,Star Wars,2010,George Lucas,Lucasfilm
ec9a4eac-ae86-4ee9-bc32-bc8c2735fdcd,Dark Side of the Moon,1988,Pink Floyd,Universal
bab1deee-da51-4721-95a1-5229eb8880a7,Super Mario bros,2019,Nintendo,Nintendo
ad84d546-d670-42bf-a931-62ad7fa71068,Star Wars,2010,George Lucas,Lucasfilm
5ac23a5c-a21d-42ca-915b-de134fe2757d,Star Wars,2010,George Lucas,Lucasfilm
c2dc2702-aade-428e-bec7-4989feec83c1,Dark Side of the Moon,1988,Pink Floyd,Universal
8ba4dbac-ca09-48b3-a088-abef665a987d,Super Mario bros,2019,Nintendo,Nintendo
85b9e7ca-9130-485f-b1b7-3c371fb796d2,Star Wars,2010,George Lucas,Lucasfilm
813f2aa3-c973-41af-a07a-00f872c6fa86,Star Wars,2010,George Lucas,Lucasfilm
64b43933-c3b5-418d-9174-ec88377fc54d,21,-12,sasa,09
1dc77a38-4863-4b2e-9341-5174f6ef23bb,Dark Side of the Moon,1988,Pink Floyd,Universal
a79e57cb-0b14-4d8d-823e-edcb527d2b98,Super Mario bros,2019,Nintendo,Nintendo
75187fe3-6bd5-4b76-bc44-1627d2a5df5c,Star Wars,2010,George Lucas,Lucasfilm
2d628c0d-409f-474d-bdf0-31e66277855b,Star Wars,2010,George Lucas,Lucasfilm
a5417337-7375-449e-bd29-c24923112f72,Dark Side of the Moon,1988,Pink Floyd,Universal
bb2b1eab-6250-4bc1-8491-2f213f55d10e,Super Mario bros,2019,Nintendo,Nintendo
0a2ab40e-2924-44e3-87a6-5a0b4dfaf98d,Star Wars,2010,George Lucas,Lucasfilm
8623ac53-94bb-49d4-b6ff-6d1b17ea0126,Star Wars,2010,George Lucas,Lucasfilm
f749b759-090d-49ad-ad99-24dce6003796,Dark Side of the Moon,1988,Pink Floyd,Universal
2935c8f5-d72b-4e5b-91f7-d34ed3296869,Super Mario bros,2019,Nintendo,Nintendo
1bc0d252-f53e-4e58-a54f-8b83e3e5666e,Star Wars,2010,George Lucas,Lucasfilm
65a31152-20c5-414d-89fd-ddfa21708b47,Star Wars,2010,George Lucas,Lucasfilm
7eb62f03-7697-411a-a208-771b43e889cc,Dark Side of the Moon,1988,Pink Floyd,Universal
3a73cc99-ee36-4a44-b98f-0c42bf253ed8,Super Mario bros,2019,Nintendo,Nintendo
486deb98-4d58-4862-bbdc-4d440940a991,Star Wars,2010,George Lucas,Lucasfilm
ec030c0f-0671-4d5b-bf07-d8729646efe6,Star Wars,2010,George Lucas,Lucasfilm
d0f907ca-6841-466e-83b2-17c6b81ad700,Dark Side of the Moon,1988,Pink Floyd,Universal
2b4be961-1ba7-4910-bc45-200abf87ee50,Super Mario bros,2019,Nintendo,Nintendo
3f08136d-2b74-47cc-8721-afb6beeb1866,Star Wars,2010,George Lucas,Lucasfilm
efe42b31-e373-4698-9aab-38867675d56e,Star Wars,2010,George Lucas,Lucasfilm
09db25f4-8eaa-40fc-ae81-0c8a425fb265,Dark Side of the Moon,1988,Pink Floyd,Universal
4452836f-2ce3-4495-9392-b1902b95b4fb,Super Mario bros,2019,Nintendo,Nintendo
f847ba29-3ac1-45b8-ac29-da8da668c907,Star Wars,2010,George Lucas,Lucasfilm
1a297106-d58e-4726-a3ac-dad548d7f76a,Star Wars,2010,George Lucas,Lucasfilm
61f46455-fad0-4acd-a986-0865e566f0c6,Dark Side of the Moon,1988,Pink Floyd,Universal
3950a07d-060c-47d2-8f30-e4b5bcbdc10d,Super Mario bros,2019,Nintendo,Nintendo
3177b70a-208c-47ce-bf5c-2b2153e51420,Star Wars,2010,George Lucas,Lucasfilm
cc309348-5f98-4f0e-8d5b-8553d373ac6b,Star Wars,2010,George Lucas,Lucasfilm
92c63d77-bbe2-4c90-9b69-4860772d1451,Dark Side of the Moon,1988,Pink Floyd,Universal
be8b1fb1-2692-4ff2-b186-4d79b33d96d9,Super Mario bros,2019,Nintendo,Nintendo
c11e4401-4059-4b60-8cf2-ba4bc7d1709d,Star Wars,2010,George Lucas,Lucasfilm
6086a72e-8cb1-4b24-8889-40c900d35d5c,Star Wars,2010,George Lucas,Lucasfilm
2abd9e27-476f-455b-965e-64122d22fa66,Dark Side of the Moon,1988,Pink Floyd,Universal
beb9026e-bb35-41b2-b401-314a92d41b65,Super Mario bros,2019,Nintendo,Nintendo
589c8a09-3ec5-4422-a1c4-c90f8c8b6a8a,Star Wars,2010,George Lucas,Lucasfilm
0118627d-1122-4e79-97ca-e143c3db2a59,Star Wars,2010,George Lucas,Lucasfilm
5e1283db-5682-401c-838a-ca31363d7631,Dark Side of the Moon,1988,Pink Floyd,Universal
f9935bc5-f796-4c2e-a45a-481473d49c5c,Super Mario bros,2019,Nintendo,Nintendo
3d87a6f4-3a39-4998-830a-340085292e5c,Star Wars,2010,George Lucas,Lucasfilm
92f7ed53-91e9-41ab-a396-9422a9cab812,Star Wars,2010,George Lucas,Lucasfilm
687a678a-5f43-48ae-affb-fb07d3101397,Dark Side of the Moon,1988,Pink Floyd,Universal
08c4c4b5-60f8-44fa-8476-771df145d621,Super Mario bros,2019,Nintendo,Nintendo
9d95e7db-4d5f-44a3-aa2c-7b4106897b57,Star Wars,2010,George Lucas,Lucasfilm
bab67e0b-687e-4aaa-bdbc-e6f828ca633e,Star Wars,2010,George Lucas,Lucasfilm
66306bf8-faa8-4d87-9bbb-5690d6dfd6d7,Dark Side of the Moon,1988,Pink Floyd,Universal
e6efce60-7435-4736-b6ca-84819729e24a,Super Mario bros,2019,Nintendo,Nintendo
e23104a3-5a06-4609-b573-988708a41b12,Star Wars,2010,George Lucas,Lucasfilm
52255454-3f23-4448-9eab-d685935f9686,Star Wars,2010,George Lucas,Lucasfilm
27a58068-473e-403a-9f5a-025d4646c151,Dark Side of the Moon,1988,Pink Floyd,Universal
70ffbf80-29a7-4204-a4ef-7b40756f61ee,Super Mario bros,2019,Nintendo,Nintendo
771ee871-de95-481c-a863-00c242c26ea7,Star Wars,2010,George Lucas,Lucasfilm
2aa3a020-bbda-4c56-806e-de16d745ffd8,Star Wars,2010,George Lucas,Lucasfilm
fadec8f6-b748-458a-b210-32a625e4dd52,Dark Side of the Moon,1988,Pink Floyd,Universal
00e3f9f5-f120-433d-9680-1dbcc45f4cae,Super Mario bros,2019,Nintendo,Nintendo
3273621b-5b72-4ea6-b6dc-d87da6b6c883,Star Wars,2010,George Lucas,Lucasfilm
27e1df1c-cca9-464f-af8a-788e965d1ddb,Star Wars,2010,George Lucas,Lucasfilm
94ce8169-21c8-476a-b3d9-8a85a3c1615c,Dark Side of the Moon,1988,Pink Floyd,Universal
5c92ca5f-cf92-47b2-a6d3-9eb256203dc2,Super Mario bros,2019,Nintendo,Nintendo
6d4244b2-4f45-4fa2-ac67-da2b6bd15e10,Star Wars,2010,George Lucas,Lucasfilm
6c31eba0-7b37-4746-9d97-5ac686522f64,Star Wars,2010,George Lucas,Lucasfilm
d7ba839b-533d-4234-9cfd-59a2318f6fc8,Dark Side of the Moon,1988,Pink Floyd,Universal
eef671b0-9afd-4ec8-987a-0852121be725,Super Mario bros,2019,Nintendo,Nintendo
eb57d3ac-a281-49dd-b47e-102623c2cb41,Star Wars,2010,George Lucas,Lucasfilm
636c7d1e-df3d-46fc-a2bf-5b9b29cd9f7e,Star Wars,2010,George Lucas,Lucasfilm
8c875db4-db24-4f5a-ae76-b7c36831282c,Dark Side of the Moon,1988,Pink Floyd,Universal
771c717b-4684-4eeb-965a-c7f6e9c80bf7,Super Mario bros,2019,Nintendo,Nintendo
5bd7a089-8584-4b24-acc5-5cbb3876be64,Star Wars,2010,George Lucas,Lucasfilm
6f2c3d2e-ce20-4edb-84d6-a1253023e7df,Star Wars,2010,George Lucas,Lucasfilm
66a28ed3-f2f1-48e2-9ddd-2add0c2c597b,Dark Side of the Moon,1988,Pink Floyd,Universal
e7ff6565-68f9-4f95-b2fe-1c0fe0a38915,Super Mario bros,2019,Nintendo,Nintendo
cd0979b1-99ee-47c5-8873-4deca6fab6d4,Star Wars,2010,George Lucas,Lucasfilm
723bb916-5e49-4880-864f-ef99a8630682,Star Wars,2010,George Lucas,Lucasfilm
a554b446-5356-4fcd-b812-07f861b9635b,Dark Side of the Moon,1988,Pink Floyd,Universal
b8f8bc26-c2a8-4d9c-84de-8fec209ab48b,Super Mario bros,2019,Nintendo,Nintendo
bb18fc60-b44a-4aed-83e3-55a734e55904,Star Wars,2010,George Lucas,Lucasfilm
fb5f5dcc-422c-4346-b9be-1411d9400e64,Star Wars,2010,George Lucas,Lucasfilm
4aba9403-aabf-4de6-894c-b350cde71840,Dark Side of the Moon,1988,Pink Floyd,Universal
21383d60-190e-47d3-9914-cb0f0d7b6560,Super Mario bros,2019,Nintendo,Nintendo
1b395204-5da0-438c-8fe1-f460a2de7c17,Star Wars,2010,George Lucas,Lucasfilm
4071985b-ca79-4e51-a99a-acb064d7c067,Star Wars,2010,George Lucas,Lucasfilm
98bf1f83-2116-4879-801c-b6045c4e7391,Dark Side of the Moon,1988,Pink Floyd,Universal
b8ed293f-f70b-4356-a9df-5384a5711dc4,Super Mario bros,2019,Nintendo,Nintendo
d1a072f9-12f8-4f1d-a0bb-44d228d10f6e,Star Wars,2010,George Lucas,Lucasfilm
1cca8991-bff2-41d0-9dc1-031cc02f5ffb,Star Wars,2010,George Lucas,Lucasfilm
c30bb3d8-60c6-41d4-ae58-19e082877f3c,Dark Side of the Moon,1988,Pink Floyd,Universal
bdc1e47d-a3dd-4ac2-857a-d6d0afa13897,Super Mario bros,2019,Nintendo,Nintendo
101b3718-9eb9-422c-b46e-aaa7080a8c03,Star Wars,2010,George Lucas,Lucasfilm
aa475485-20ac-48e4-88df-40b3d641f928,Star Wars,2010,George Lucas,Lucasfilm
a2c6c59a-1728-461f-8f6f-b6d81a479506,Dark Side of the Moon,1988,Pink Floyd,Universal
eb0aafc4-848a-4946-9f6a-653e669381fc,Super Mario bros,2019,Nintendo,Nintendo
7e517d0d-2963-4c5e-ae29-0c4689763f94,Star Wars,2010,George Lucas,Lucasfilm
2c01b578-f32a-4ef2-be79-1b835f7a1105,Star Wars,2010,George Lucas,Lucasfilm
b19bdb6c-0f51-4d67-abe2-021fc480bc0d,Dark Side of the Moon,1988,Pink Floyd,Universal
10b09bb4-1567-4770-a38e-8625548ebf52,Super Mario bros,2019,Nintendo,Nintendo
c33cac19-ad06-49f4-aced-3bb44ca173ad,Star Wars,2010,George Lucas,Lucasfilm
62077d32-df2e-445d-8e66-149f286ed0ec,Star Wars,2010,George Lucas,Lucasfilm
d0d90096-692f-475b-b833-f8de37ca3a5b,Dark Side of the Moon,1988,Pink Floyd,Universal
ee2e4661-7aa1-43bd-a390-78781e8b2324,Super Mario bros,2019,Nintendo,Nintendo
18fdb0f7-443e-40f6-b9c1-86fefd94bedc,Star Wars,2010,George Lucas,Lucasfilm
b8420b3c-1b88-4add-aaf0-b05f309f336d,Star Wars,2010,George Lucas,Lucasfilm
bdc64612-be05-4554-b45f-b9c9dd6ee2d3,Dark Side of the Moon,1988,Pink Floyd,Universal
6d110c6f-2948-46e8-9719-6e0465991cb1,Super Mario bros,2019,Nintendo,Nintendo
34e096f0-0360-473e-8f55-e8bb4efad67d,Star Wars,2010,George Lucas,Lucasfilm
a28833e6-4e08-4b8b-aa6b-108388e46da1,Star Wars,2010,George Lucas,Lucasfilm
