6ac6385d-51d1-4d4b-a69e-203f8c711480,Dark Side of the Moon,1988,Pink Floyd,Universal
be2724c8-c1af-40ed-ab69-d3bb9201c82f,Dark Side of the Moon,1988,Pink Floyd,Universal
2f46fc62-94b8-49a8-9b6e-ffb12103a94f,Super Mario bros,2019,Nintendo,Nintendo
aef3936e-6cb9-48ad-ab36-32f6187dad92,Star Wars,1977,George Lucas,Lucasfilm
e06a7fab-ee8d-4085-ba16-92e3e257e99e,Dark Side of the Moon,1988,Pink Floyd,Universal
7a04e960-1308-465f-b159-910a96e9f04e,Super Mario bros,2019,Nintendo,Nintendo
2e84e291-c584-40df-9650-622b89126771,Star Wars,1977,George Lucas,Lucasfilm
b07b3473-498d-4d27-bc33-33be6133018e,Dark Side of the Moon,1988,Pink Floyd,Universal
ff6427a6-a20a-4937-bbc3-a7db736f5b59,Super Mario bros,2019,Nintendo,Nintendo
a6d27a37-171a-4f39-8728-0ab485b77fa4,Star Wars,1977,George Lucas,Lucasfilm
5e18ce76-2f87-483a-9e45-18489ab81b43,Dark Side of the Moon,1988,Pink Floyd,Universal
e2b4c234-f703-46cb-bee1-d8b2b82ae4b9,Super Mario bros,2019,Nintendo,Nintendo
c5fa7d72-30b5-4656-bf60-69e9e5a7238a,Star Wars,1977,George Lucas,Lucasfilm
177935dc-268a-4556-b68e-976c7fbf79a7,Dark Side of the Moon,1988,Pink Floyd,Universal
0d52ac7f-f7f5-4bd4-aca4-f274b1082848,Super Mario bros,2019,Nintendo,Nintendo
b3a23ab5-cfef-43b2-9e6b-8ba3e2c62310,Star Wars,1977,George Lucas,Lucasfilm
